Пользователь, Баланс, Время в минутах
alexmak, 128.69, 67
Lamade, 86.53, 46
korok, 40, 23
ratnikov, 28.67, 17
ImSerhi0, 37.68, 21
Yuniks, 29, 17
rhino2, 72, 39
Red, 46.02, 26
do12, 43.34, 24
лаки, 400, 203
WN48, 22.67, 14
pudel, 89.34, 47
Teddi, 37.01, 21
pjFns2WL30mO4SzMKGmuIw, 200, 65
Ники, 86.88, 46
Михаил762, 84.2, 45
maks475622, 200, 103
mishanya, 110.34, 58
BasBusta, 46.68, 26
libido, 55.67, 30
v_gutorov, 13.02, 9
EgorMMA, 126.19, 66
mafi9l, 106.68, 56
broy123456789, 40.71, 23
Sunitar19, 168, 87
moroz2602, 44, 25
vlad, 29.84, 17
163ONMYNECK, 12.5, 9
vadim, 73.34, 39
necketaa, 10, 8
borisok1944, 45.33, 25
Саня, 61.69, 33
KLIMETS236189, 211.67, 108
vika55, 41.67, 23
ванядупл, 16, 11
Grisha002, 81.51, 43
filkim, 73.33, 39
3, 21.68, 13
Ayan228, 51.69, 28
Kirill13, 28.35, 17
1234, 44.84, 117
12345, 60.5, 33
kolenval48, 11.34, 8
rctroll, 68, 37
Asmodeus, 48.03, 160
Dima_Shoter, 86.34, 46
Ricco, 23.34, 14
Vladimir41, 10, 8
kep, 61.67, 33
riko48, 18.68, 12
Jekarus321, 69.52, 37
kris48, 90.18, 48
димон, 10.01, 8
danielsirotin1969, 10.67, 8
vladimir1984, 20.51, 13
antoha212, 30, 18
temshef, 35.36, 20
___PUCIN___, 132, 69
PARLAMENT, 20.53, 13
RUSLANBROI, 48.35, 27
Shatilonok, 14.83, 10
ve9a, 41.5, 23
kishap, 15.17, 10
AUE, 25.18, 15
Obscore, 34, 20
kaktus, 33.17, 19
89803548317, 135, 70
dejavuorigen, 45.01, 25
EgaBat9, 86, 46
mobilizaciya228, 10, 8
termit, 45.17, 25
ARMAN, 15, 10
вадим, 36.67, 21
vadjanya, 94.02, 50
иван, 14, 10
Prizrak, 14, 10
костя, 20, 13
пума, 18, 12
danchous, 25.19, 15
maximalkuz, 185.87, 95
scriech, 191.35, 98
trun333, 26, 16
manax, 10, 8
umyhope, 31.67, 18
alkogolik, 36.67, 21
Софья, 14, 10
KVB1, 150, 78
niggitos001, 74, 40
ангелина, 62.34, 34
злойанус, 46, 26
RXFFS, 20.17, 13
n0rix, 53.34, 29
CAFINOM, 172.19, 89
taigaBULL, 66.02, 36
Slonik, 30, 18
AcaLefted1, 45.18, 25
staystrong, 76.66, 41
totcambiu48, 22, 14
OLEN, 14.67, 10
W1nn, 39.87, 22
S7mp1e, 26, 16
maxi270799, 40.34, 23
sk18, 21.19, 13
Gender, 231.36, 118
vladosiak, 35, 20
DENIS_MCQUEEN, 36.71, 21
EnErGetyk48, 32, 19
madara97, 14.64, 28
Twink, 70, 38
Nikita26, 67.33, 36
britny, 18.7, 12
hmelenish48, 27.67, 16
puzyak, 64, 35
mnemonium, 75.84, 40
spartakkorotin, 70, 38
Artem, 80, 43
woozy, 44.17, 25
samosik13, 92.87, 49
MsT_TmR, 56.67, 31
mdkl, 95, 50
s3k10r, 59.83, 32
natalya_efimova, 29.34, 17
TemkaGo, 27.5, 16
розаефимова, 111.17, 58
Хамовник, 58.67, 32
scored, 263.9, 134
Ham, 310, 158
batman, 26.03, 16
Rva4, 50.73, 28
Vanderklaken, 17.51, 11
Bust1e, 15.67, 10
zorik_lip, 101.54, 53
макс, 17.5, 11
Peco, 80.84, 43
wolkodaw, 80.84, 43
AlexeySokolov, 198, 102
Wester_Legendary, 41.01, 23
sasok228, 68.34, 37
z3f1r, 76.84, 41
Dmiitrievnaa, 36.68, 21
Sawide, 15.83, 10
truha, 26, 16
barakuda, 47.67, 26
Mike2055, 13.36, 9
kIM, 49.7, 27
alice02, 89.69, 47
Klima, 42, 24
typodesign, 13.34, 9
Данил1709, 198.33, 102
Степан, 198.33, 102
чурка228, 35.33, 20
AsyaMax, 102, 54
IMYRASHI, 33, 19
smokker, 21.69, 13
ярослав, 37.34, 21
varnais, 120.67, 63
002936, 62, 34
002935, 66, 36
магомед123, 10, 8
riga, 26.67, 16
Strogan55, 132, 69
Zahar55, 132, 69
Stereo55, 132, 69
STALNOY, 56.68, 31
Евгений, 14.17, 10
headliner, 55, 30
vlad48, 20, 13
jazzuk, 76, 41
js, 16, 11
Ruslan, 24, 15
rollme, 36, 21
ArtemP, 76, 41
Quazar48, 110, 58
misha48, 120, 63
ваня, 21.67, 13
Кирилл, 38.33, 22
Mstivoy, 17.54, 11
Yura40, 32.67, 19
egor483329, 16.5, 11
andrey483329, 16.5, 11
EasyBalanse, 206, 106
PLAYER200, 48.34, 27
matvey4545, 31.67, 18
Vikysua9_9, 29.35, 17
Vladislavbaranov48, 16.5, 11
Dima212100, 20.01, 13
тимур0120, 20.01, 13
OK, 110.51, 58
12345612, 150.01, 78
перекуп48, 56, 31
роза, 45.01, 25
moker, 49.5, 27
fullmaster, 34, 20
Gwin31, 50, 28
DungenMaster, 36, 21
roman, 16.5, 11
princessafallos, 57.2, 31
amik1998, 38.51, 22
ekaterina, 96.67, 51
polina_lexus, 93.51, 49
Xajlba, 46.67, 26
ABOBA777, 18, 12
Кирилл2012, 82, 44
ГОСТЬ1, 54.71, 30
zhekashed, 22, 14
M1LLER7, 40.34, 23
Егор28, 57.67, 31
Mger, 55.01, 30
101202, 66, 36
бот333, 60, 33
BOROV228, 14, 10
panich139, 94, 50
егор, 12.84, 9
100GRAMOВИЧ, 128.34, 67
Хохол, 14.67, 10
blessed, 238, 122
nkorotey, 40, 23
HomieI61, 42, 24
Ham_, 32.51, 19
007_kar, 38.33, 22
krepyyyysh, 143.86, 74
ГОСТЬ2, 64.83, 35
kerill, 16, 141
elf1m, 72, 146
Nekitosik03, 45.84, 25
Nill, 45.84, 25
thor228, 72, 39
tw1nk, 78, 42
panini3569, 48, 116
GORIN, 23.67, 14
Shok, 41.33, 23
asiks, 27, 16
qwerty123, 142, 74
Rea1ist024, 136, 71
сафрон, 46, 26
radikaifa12, 25.67, 15
dorik, 22, 14
DIMA228, 17.52, 11
ГОСТЬ10, 55.01, 30
89998419619, 44, 25
Dimamelkin, 63.33, 34
AlexKy, 18.53, 12
karim, 93.01, 49
rolex, 22.01, 14
Prohor000, 18.33, 21
ztv, 60, 33
obed123, 334, 170
ma1ros, 15.01, 19
Valeron4ik, 14, 10
mr.Atheist, 10, 8
TermiT11, 20, 13
Kudia, 42.16, 24
Cfetyr, 14, 10
LeXaReZaK, 13.34, 9
SECHEN, 34, 20
nikitos484848, 34, 20
Yarik2004, 102, 54
underayy, 110, 58
BIGBOSS, 110, 58
W1nyyyx, 12.84, 9
detectivepi141, 56.67, 31
SurovDan23, 308.34, 157
Dmitry, 136.83, 71
ТебеНеПонять, 30, 18
yupi-mars, 50, 28
demura, 33.34, 19
man48, 43.35, 24
jid_lip, 40.01, 23
premier, 76.02, 41
розаефимова1, 104, 55
Fedyyysha, 55.52, 30
Мария, 67.84, 36
89525950758, 79.01, 42
maraderIIIa, 45.85, 25
Sakyra228, 58.68, 32
vmih, 13.34, 9
GASAN48, 16.67, 11
89385518770, 10, 8
леля, 13.34, 9
Sparco, 150, 78
igrok1661, 401.67, 203
denlu, 38.34, 22
dima200335, 121, 63
Myshkin1586, 55, 30
XDface, 63.84, 151
смородников, 183.34, 94
Yez11, 15.34, 10
Damien, 19.68, 12
sh1fara`, 12.67, 9
artemon0899, 357.08, 181
TTOXY1, 73.68, 39
genesis, 26, 16
VLADYMBA, 41.68, 23
roma1, 11, 8
Dog, 42, 24
Warlock, 33.34, 19
BlackGhost278, 26.67, 16
boss, 52, 29
dedov_2000, 140, 73
Tobix, 31.67, 18
Valentino, 44, 25
_Monetochka, 20.17, 13
Nainesig, 73.33, 39
axturel, 27.49, 16
parge228, 14, 10
KULYABEC, 16.5, 11
shoots, 16.67, 11
FEL006, 26.67, 16
k1er, 140, 73
Italy, 120, 63
MISHUTKA, 15.01, 10
garinich, 16.68, 11
Tutya, 26, 16
k0Ffe1n, 28, 17
89086999613, 83.7, 44
Лев, 172.03, 89
89513018935, 102.85, 54
Dont, 12, 9
Арам, 50.67, 28
витя725, 25.67, 15
АРТЕМ7777, 48, 27
89066835495, 64.03, 35
tigran, 16, 11
илья111, 58, 32
артём111, 60, 33
VIZOVSKII48, 10, 8
nikitos, 12.35, 9
nikita, 10.01, 8
boombox48484, 739.85, 372
papa666, 201.84, 103
Redaster, 42, 24
DJIZZE, 168, 87
saslavik, 32, 19
Trabyhka, 34, 20
Eskalibor, 76, 41
purple, 162, 84
goar, 170, 88
Marineska, 14, 10
Nikita2848, 336, 171
000030, 101.67, 53
NEKSAN, 30, 18
Vels, 186.68, 96
pashkov, 15, 10
levap333, 20, 13
vlone, 12.17, 9
P7AY3R5, 16.5, 11
33122, 36, 21
andryxa_batash, 35.01, 20
vasyahz048, 56, 31
SuperOleg48, 58, 32
hadouk4, 84, 45
zhema17, 28, 17
Penitrator, 161.19, 83
Pizdavorot, 28.35, 17
shootss, 13.34, 9
nioPOOL, 95.34, 50
Matvey, 75.01, 40
alpineje, 108.34, 57
D1zzech, 14, 10
IMIL, 10, 8
sentay8, 38, 22
lovis, 36.67, 21
Noro, 51.22, 28
djavan, 34, 20
Макар, 44, 25
Добряк, 30, 18
Арам006, 36, 21
миша2107, 54, 30
evgewka4899, 18.5, 12
2227, 122.67, 64
chaurelly, 28, 17
hust48, 22.5, 14
Gefemenko, 43.34, 24
CEKTAHT, 12, 9
Iliya1999, 86.67, 46
dedov48, 90, 48
tzuevvv, 12, 9
fluorum, 31.67, 18
tourist, 28, 17
Danil7848, 14.67, 10
vlad777vlad777, 184, 95
VIKTOR, 30, 18
tonbotobitake, 39.67, 22
nikitooha, 44, 25
Ramon9, 23.17, 14
SergioOJ, 43.35, 24
asto222, 110, 58
fisu899, 46, 26
Krimson.Mika, 34, 20
stenjeet, 26, 16
anton322, 34, 20
Horik123, 34, 20
hrust11, 115, 60
zorg, 32, 19
smert777, 175.68, 90
Andrew, 15.33, 10
den121, 10.17, 8
shum_777, 38, 22
SpaceR, 18, 12
fardeeh, 88.35, 47
SAMPOSEBELOL, 50, 28
bust67, 38.35, 22
ssbitle, 146.68, 76
niko, 44.03, 25
волк, 15.01, 10
Saul_Goodman, 14, 10
Zimmer253, 14.67, 10
Matvey108, 84, 45
ванёк, 15, 10
Vanek123, 20, 13
Smagamed48, 70, 38
666, 72, 39
suslik, 11, 8
Андрей, 58.37, 32
Alexey, 95.84, 50
vlad.qa, 300, 153
4ever_young92, 61.17, 33
qeekcm, 26, 16
Бобёр1, 30, 18
bald, 32, 19
веня48, 48, 27
seqoonda, 30.83, 18
Bubble.OJ, 12.01, 9
gerus, 56.68, 31
79038600560, 38, 22
3312kz, 78, 42
Sta1lex, 24.34, 15
gennady_bol, 58.34, 32
Ramzes02, 60.18, 33
Kasta94, 63.34, 34
Koval, 139.86, 72
MooNMaN, 43.33, 24
Тамик, 78.33, 42
SEVER, 11, 8
mpokachalov, 18.34, 12
RAMIN, 62.33, 34
KATANAA, 69.67, 37
vane333, 44, 25
Егор48, 80, 43
danmar2010, 48.5, 27
Рапира, 20.01, 13
nag1getsss, 77, 41
esave, 54, 30
Чехов, 52, 29
NIKI48, 10, 8
kirill_1703, 10, 8
herura, 14.66, 10
sometimesifeelgreen, 56, 31
greek_9000, 22, 14
Klounha, 120.18, 63
Bigblack, 20.34, 13
varly81, 86, 46
Sharki, 243, 169
Scus, 14.01, 10
vlad102, 136, 71
Станрый, 27.5, 16
Alpo, 29.34, 17
ramazan1301, 31.17, 18
grom200, 30.01, 18
women, 45.01, 25
89042948696, 14, 10
адольфик, 14.67, 10
zкорь, 16.5, 11
Федя, 41.67, 23
danil, 13.34, 9
ZhongLi, 13.34, 9
ната, 13.34, 9
Losed, 107.83, 56
Dante, 10, 269
ricbe, 40, 23
SambuKa48, 10.02, 8
aboba1, 262, 134
hazmen048, 40, 23
s1amuray, 45, 25
werty1337, 28, 17
qwerty1234, 30, 18
SixPowerRade, 210, 108
Denis, 12, 9
WERCUC08, 56, 31
kissasin, 113.35, 59
Glizzy, 20.17, 13
DeD_HaSaN, 36, 21
89046919789, 171.87, 88
Um1R, 11, 8
rys48rus, 71.68, 38
ismailhuseyinov83, 50, 28
ManDariN__xl, 138.34, 72
maksim, 56, 31
Demented_MaN, 54, 30
Пользователь16, 56, 31
Xia, 116, 61
Blin, 49, 27
nast, 23.34, 14
георгий, 56, 31
Dedov49, 50, 28
leha1488, 30.5, 18
Amidamaru, 83.34, 44
celebrety, 75.17, 40
inmentlst, 75.17, 40
Flydhting, 71.5, 38
arseny, 70, 38
maks2025, 73.33, 39
ARTEM_P, 10, 8
hasan228, 105.34, 55
anton48, 179.67, 92
Manago_zlo, 688.5, 347
dimon320, 10, 8
Evogodx, 95.34, 50
kissbloo, 50, 28
rub999, 100, 53
vazgenturbo, 102, 54
Sovkusom, 10, 8
DenisVorfol, 98, 52
mcrally, 18, 12
lolik-007, 22, 14
17MWM03, 11.67, 8
сема, 110, 58
barduck, 206, 106
BY_DT, 40, 23
Kirill_S, 96, 51
papa228, 40, 23
